timestamp,day_of_week,hour,flow_veh_h,occupancy_pct,avg_speed_kmh,weather,incident
2025-09-01T00:00:00,1,0,131,6,61,rain,0
2025-09-01T01:00:00,1,1,118,5,64,fog,0
2025-09-01T02:00:00,1,2,147,7,61,clear,0
2025-09-01T03:00:00,1,3,160,7,62,clear,0
2025-09-01T04:00:00,1,4,167,8,62,clear,0
2025-09-01T05:00:00,1,5,231,11,63,clear,0
2025-09-01T06:00:00,1,6,576,28,50,clear,0
2025-09-01T07:00:00,1,7,946,43,46,fog,0
2025-09-01T08:00:00,1,8,1683,84,26,clear,0
2025-09-01T09:00:00,1,9,1817,80,30,rain,0
2025-09-01T10:00:00,1,10,1188,52,41,rain,0
2025-09-01T11:00:00,1,11,854,36,47,clear,0
2025-09-01T12:00:00,1,12,862,37,51,clear,0
2025-09-01T13:00:00,1,13,831,37,50,clear,0
2025-09-01T14:00:00,1,14,696,27,51,rain,0
2025-09-01T15:00:00,1,15,991,46,45,clear,0
2025-09-01T16:00:00,1,16,1363,61,35,clear,0
2025-09-01T17:00:00,1,17,2228,95,22,clear,0
2025-09-01T18:00:00,1,18,2103,95,24,clear,0
2025-09-01T19:00:00,1,19,2048,95,23,clear,0
2025-09-01T20:00:00,1,20,1069,48,40,clear,0
2025-09-01T21:00:00,1,21,495,25,53,clear,0
2025-09-01T22:00:00,1,22,250,10,60,clear,0
2025-09-01T23:00:00,1,23,180,7,63,clear,0
2025-09-02T00:00:00,2,0,119,5,61,fog,0
2025-09-02T01:00:00,2,1,147,7,63,rain,0
2025-09-02T02:00:00,2,2,142,6,63,rain,0
2025-09-02T03:00:00,2,3,142,7,62,rain,0
2025-09-02T04:00:00,2,4,156,7,58,clear,0
2025-09-02T05:00:00,2,5,252,13,57,clear,0
2025-09-02T06:00:00,2,6,464,19,57,rain,0
2025-09-02T07:00:00,2,7,1234,56,36,clear,0
2025-09-02T08:00:00,2,8,1904,94,24,clear,0
2025-09-02T09:00:00,2,9,1579,69,33,rain,0
2025-09-02T10:00:00,2,10,1534,67,31,clear,0
2025-09-02T11:00:00,2,11,1020,49,42,clear,0
2025-09-02T12:00:00,2,12,823,42,47,clear,0
2025-09-02T13:00:00,2,13,666,33,49,rain,0
2025-09-02T14:00:00,2,14,835,38,47,clear,0
2025-09-02T15:00:00,2,15,815,40,41,rain,0
2025-09-02T16:00:00,2,16,1401,51,41,clear,0
2025-09-02T17:00:00,2,17,1776,89,22,rain,0
2025-09-02T18:00:00,2,18,1944,89,22,rain,0
2025-09-02T19:00:00,2,19,2060,89,26,clear,0
2025-09-02T20:00:00,2,20,961,42,47,rain,0
2025-09-02T21:00:00,2,21,535,24,56,clear,0
2025-09-02T22:00:00,2,22,247,11,61,clear,0
2025-09-02T23:00:00,2,23,154,7,63,rain,0
2025-09-03T00:00:00,3,0,149,6,63,clear,0
2025-09-03T01:00:00,3,1,130,6,64,clear,0
2025-09-03T02:00:00,3,2,163,8,61,clear,0
2025-09-03T03:00:00,3,3,133,6,61,rain,0
2025-09-03T04:00:00,3,4,156,8,60,clear,0
2025-09-03T05:00:00,3,5,229,11,61,clear,0
2025-09-03T06:00:00,3,6,498,20,54,clear,0
2025-09-03T07:00:00,3,7,1219,54,41,clear,0
2025-09-03T08:00:00,3,8,2041,95,23,clear,0
2025-09-03T09:00:00,3,9,1672,75,30,rain,0
2025-09-03T10:00:00,3,10,1441,59,39,clear,0
2025-09-03T11:00:00,3,11,930,40,48,rain,0
2025-09-03T12:00:00,3,12,835,37,48,clear,0
2025-09-03T13:00:00,3,13,714,36,48,rain,0
2025-09-03T14:00:00,3,14,705,31,53,rain,0
2025-09-03T15:00:00,3,15,857,36,50,rain,0
2025-09-03T16:00:00,3,16,1462,66,35,clear,0
2025-09-03T17:00:00,3,17,1761,81,30,rain,0
2025-09-03T18:00:00,3,18,2226,95,23,clear,0
2025-09-03T19:00:00,3,19,1877,82,27,clear,0
2025-09-03T20:00:00,3,20,960,42,45,fog,0
2025-09-03T21:00:00,3,21,515,23,56,clear,0
2025-09-03T22:00:00,3,22,221,9,61,rain,0
2025-09-03T23:00:00,3,23,130,6,64,fog,0
2025-09-04T00:00:00,4,0,141,6,62,clear,0
2025-09-04T01:00:00,4,1,155,8,61,clear,0
2025-09-04T02:00:00,4,2,152,8,58,clear,0
2025-09-04T03:00:00,4,3,117,5,58,fog,0
2025-09-04T04:00:00,4,4,193,9,58,clear,0
2025-09-04T05:00:00,4,5,212,9,63,clear,0
2025-09-04T06:00:00,4,6,216,9,29,fog,1
2025-09-04T07:00:00,4,7,1145,52,40,clear,0
2025-09-04T08:00:00,4,8,2104,95,22,clear,0
2025-09-04T09:00:00,4,9,1928,89,24,clear,0
2025-09-04T10:00:00,4,10,1354,74,28,rain,0
2025-09-04T11:00:00,4,11,1058,45,43,clear,0
2025-09-04T12:00:00,4,12,871,37,48,clear,0
2025-09-04T13:00:00,4,13,811,34,50,clear,0
2025-09-04T14:00:00,4,14,939,42,47,clear,0
2025-09-04T15:00:00,4,15,959,52,39,clear,0
2025-09-04T16:00:00,4,16,1569,66,35,clear,0
2025-09-04T17:00:00,4,17,1988,93,21,clear,0
2025-09-04T18:00:00,4,18,2105,92,24,clear,0
2025-09-04T19:00:00,4,19,1966,95,23,clear,0
2025-09-04T20:00:00,4,20,1007,47,45,clear,0
2025-09-04T21:00:00,4,21,428,19,55,rain,0
2025-09-04T22:00:00,4,22,251,12,58,clear,0
2025-09-04T23:00:00,4,23,126,6,62,rain,0
2025-09-05T00:00:00,5,0,148,6,64,clear,0
2025-09-05T01:00:00,5,1,126,6,60,fog,0
2025-09-05T02:00:00,5,2,125,6,65,rain,0
2025-09-05T03:00:00,5,3,154,6,63,clear,0
2025-09-05T04:00:00,5,4,154,8,60,clear,0
2025-09-05T05:00:00,5,5,178,8,63,fog,0
2025-09-05T06:00:00,5,6,492,23,51,clear,0
2025-09-05T07:00:00,5,7,1125,50,42,clear,0
2025-09-05T08:00:00,5,8,1598,73,30,rain,0
2025-09-05T09:00:00,5,9,1999,95,21,clear,0
2025-09-05T10:00:00,5,10,1616,65,35,clear,0
2025-09-05T11:00:00,5,11,832,41,50,rain,0
2025-09-05T12:00:00,5,12,894,36,49,clear,0
2025-09-05T13:00:00,5,13,644,29,53,fog,0
2025-09-05T14:00:00,5,14,842,44,47,clear,0
2025-09-05T15:00:00,5,15,951,44,46,clear,0
2025-09-05T16:00:00,5,16,1144,52,43,rain,0
2025-09-05T17:00:00,5,17,1706,76,30,rain,0
2025-09-05T18:00:00,5,18,1874,88,26,rain,0
2025-09-05T19:00:00,5,19,1880,88,26,clear,0
2025-09-05T20:00:00,5,20,938,40,47,rain,0
2025-09-05T21:00:00,5,21,511,26,55,clear,0
2025-09-05T22:00:00,5,22,260,12,62,clear,0
2025-09-05T23:00:00,5,23,154,6,66,clear,0
2025-09-06T00:00:00,6,0,137,7,63,clear,0
2025-09-06T01:00:00,6,1,142,6,61,rain,0
2025-09-06T02:00:00,6,2,132,6,61,clear,0
2025-09-06T03:00:00,6,3,128,6,63,rain,0
2025-09-06T04:00:00,6,4,122,6,65,fog,0
2025-09-06T05:00:00,6,5,149,8,63,fog,0
2025-09-06T06:00:00,6,6,398,17,56,clear,0
2025-09-06T07:00:00,6,7,725,32,50,clear,0
2025-09-06T08:00:00,6,8,1125,57,40,rain,0
2025-09-06T09:00:00,6,9,1318,57,39,clear,0
2025-09-06T10:00:00,6,10,782,33,50,rain,0
2025-09-06T11:00:00,6,11,498,24,57,rain,0
2025-09-06T12:00:00,6,12,508,24,54,clear,0
2025-09-06T13:00:00,6,13,575,24,54,clear,0
2025-09-06T14:00:00,6,14,551,26,52,clear,0
2025-09-06T15:00:00,6,15,547,25,51,rain,0
2025-09-06T16:00:00,6,16,895,41,50,clear,0
2025-09-06T17:00:00,6,17,1231,56,39,clear,0
2025-09-06T18:00:00,6,18,1241,66,36,rain,0
2025-09-06T19:00:00,6,19,1033,47,42,rain,0
2025-09-06T20:00:00,6,20,712,32,49,clear,0
2025-09-06T21:00:00,6,21,382,19,56,clear,0
2025-09-06T22:00:00,6,22,208,9,60,clear,0
2025-09-06T23:00:00,6,23,160,8,62,clear,0
2025-09-07T00:00:00,0,0,150,7,62,clear,0
2025-09-07T01:00:00,0,1,124,5,63,rain,0
2025-09-07T02:00:00,0,2,156,7,61,clear,0
2025-09-07T03:00:00,0,3,136,7,61,rain,0
2025-09-07T04:00:00,0,4,177,9,59,clear,0
2025-09-07T05:00:00,0,5,149,6,62,fog,0
2025-09-07T06:00:00,0,6,363,18,60,clear,0
2025-09-07T07:00:00,0,7,843,36,50,clear,0
2025-09-07T08:00:00,0,8,1153,53,39,clear,0
2025-09-07T09:00:00,0,9,1097,58,37,rain,0
2025-09-07T10:00:00,0,10,914,36,52,clear,0
2025-09-07T11:00:00,0,11,613,28,51,clear,0
2025-09-07T12:00:00,0,12,547,24,53,clear,0
2025-09-07T13:00:00,0,13,512,28,53,rain,0
2025-09-07T14:00:00,0,14,427,19,56,fog,0
2025-09-07T15:00:00,0,15,654,32,50,clear,0
2025-09-07T16:00:00,0,16,825,39,49,clear,0
2025-09-07T17:00:00,0,17,1000,46,45,fog,0
2025-09-07T18:00:00,0,18,1410,68,36,clear,0
2025-09-07T19:00:00,0,19,1145,55,43,clear,0
2025-09-07T20:00:00,0,20,678,28,53,clear,0
2025-09-07T21:00:00,0,21,299,14,60,fog,0
2025-09-07T22:00:00,0,22,218,10,62,clear,0
2025-09-07T23:00:00,0,23,174,8,61,clear,0
2025-09-08T00:00:00,1,0,172,8,59,clear,0
2025-09-08T01:00:00,1,1,134,6,61,rain,0
2025-09-08T02:00:00,1,2,131,6,60,rain,0
2025-09-08T03:00:00,1,3,146,7,61,clear,0
2025-09-08T04:00:00,1,4,139,7,61,rain,0
2025-09-08T05:00:00,1,5,201,8,62,fog,0
2025-09-08T06:00:00,1,6,503,24,56,rain,0
2025-09-08T07:00:00,1,7,1193,59,40,clear,0
2025-09-08T08:00:00,1,8,1638,77,28,rain,0
2025-09-08T09:00:00,1,9,1882,78,28,clear,0
2025-09-08T10:00:00,1,10,1245,59,38,rain,0
2025-09-08T11:00:00,1,11,1040,42,48,clear,0
2025-09-08T12:00:00,1,12,653,36,49,fog,0
2025-09-08T13:00:00,1,13,678,29,50,fog,0
2025-09-08T14:00:00,1,14,863,34,46,clear,0
2025-09-08T15:00:00,1,15,824,37,51,rain,0
2025-09-08T16:00:00,1,16,1151,56,39,rain,0
2025-09-08T17:00:00,1,17,1724,76,30,rain,0
2025-09-08T18:00:00,1,18,2249,89,25,clear,0
2025-09-08T19:00:00,1,19,2017,91,26,clear,0
2025-09-08T20:00:00,1,20,916,45,47,rain,0
2025-09-08T21:00:00,1,21,491,23,54,clear,0
2025-09-08T22:00:00,1,22,259,12,59,clear,0
2025-09-08T23:00:00,1,23,175,9,58,clear,0
2025-09-09T00:00:00,2,0,157,8,61,clear,0
2025-09-09T01:00:00,2,1,142,7,61,clear,0
2025-09-09T02:00:00,2,2,155,6,61,clear,0
2025-09-09T03:00:00,2,3,136,6,59,rain,0
2025-09-09T04:00:00,2,4,164,8,62,clear,0
2025-09-09T05:00:00,2,5,187,8,57,fog,0
2025-09-09T06:00:00,2,6,545,23,55,clear,0
2025-09-09T07:00:00,2,7,1042,47,44,rain,0
2025-09-09T08:00:00,2,8,1996,92,23,clear,0
2025-09-09T09:00:00,2,9,2096,95,23,clear,0
2025-09-09T10:00:00,2,10,1390,59,39,clear,0
2025-09-09T11:00:00,2,11,1039,37,49,clear,0
2025-09-09T12:00:00,2,12,885,36,48,clear,0
2025-09-09T13:00:00,2,13,799,34,50,clear,0
2025-09-09T14:00:00,2,14,810,32,51,clear,0
2025-09-09T15:00:00,2,15,919,42,44,clear,0
2025-09-09T16:00:00,2,16,1063,53,41,rain,0
2025-09-09T17:00:00,2,17,1965,95,23,clear,0
2025-09-09T18:00:00,2,18,1798,84,27,fog,0
2025-09-09T19:00:00,2,19,635,28,26,rain,1
2025-09-09T20:00:00,2,20,1019,39,47,rain,0
2025-09-09T21:00:00,2,21,424,19,56,rain,0
2025-09-09T22:00:00,2,22,251,11,60,clear,0
2025-09-09T23:00:00,2,23,154,7,60,rain,0
2025-09-10T00:00:00,3,0,164,8,64,clear,0
2025-09-10T01:00:00,3,1,154,7,61,clear,0
2025-09-10T02:00:00,3,2,125,6,62,rain,0
2025-09-10T03:00:00,3,3,122,6,64,rain,0
2025-09-10T04:00:00,3,4,159,7,64,clear,0
2025-09-10T05:00:00,3,5,184,10,59,fog,0
2025-09-10T06:00:00,3,6,477,21,58,clear,0
2025-09-10T07:00:00,3,7,1094,47,43,rain,0
2025-09-10T08:00:00,3,8,1924,82,26,clear,0
2025-09-10T09:00:00,3,9,1825,78,30,rain,0
2025-09-10T10:00:00,3,10,1570,74,33,clear,0
2025-09-10T11:00:00,3,11,990,48,42,clear,0
2025-09-10T12:00:00,3,12,809,36,48,clear,0
2025-09-10T13:00:00,3,13,699,32,49,rain,0
2025-09-10T14:00:00,3,14,665,31,49,rain,0
2025-09-10T15:00:00,3,15,810,33,49,rain,0
2025-09-10T16:00:00,3,16,586,24,27,clear,1
2025-09-10T17:00:00,3,17,1970,92,22,clear,0
2025-09-10T18:00:00,3,18,2335,95,18,clear,0
2025-09-10T19:00:00,3,19,1712,76,29,fog,0
2025-09-10T20:00:00,3,20,407,20,26,fog,1
2025-09-10T21:00:00,3,21,564,25,52,clear,0
2025-09-10T22:00:00,3,22,257,11,59,clear,0
2025-09-10T23:00:00,3,23,158,7,61,clear,0
2025-09-11T00:00:00,4,0,128,6,64,fog,0
2025-09-11T01:00:00,4,1,131,6,59,rain,0
2025-09-11T02:00:00,4,2,126,5,62,fog,0
2025-09-11T03:00:00,4,3,122,5,63,fog,0
2025-09-11T04:00:00,4,4,125,6,65,rain,0
2025-09-11T05:00:00,4,5,203,8,62,clear,0
2025-09-11T06:00:00,4,6,532,25,55,clear,0
2025-09-11T07:00:00,4,7,1124,51,42,clear,0
2025-09-11T08:00:00,4,8,1851,90,22,clear,0
2025-09-11T09:00:00,4,9,728,39,24,rain,1
2025-09-11T10:00:00,4,10,1514,72,32,clear,0
2025-09-11T11:00:00,4,11,782,36,48,fog,0
2025-09-11T12:00:00,4,12,738,39,48,clear,0
2025-09-11T13:00:00,4,13,825,42,44,clear,0
2025-09-11T14:00:00,4,14,893,38,49,clear,0
2025-09-11T15:00:00,4,15,966,43,44,clear,0
2025-09-11T16:00:00,4,16,1398,60,38,clear,0
2025-09-11T17:00:00,4,17,1974,79,31,clear,0
2025-09-11T18:00:00,4,18,2359,95,22,clear,0
2025-09-11T19:00:00,4,19,1795,81,30,rain,0
2025-09-11T20:00:00,4,20,1103,55,39,clear,0
2025-09-11T21:00:00,4,21,388,21,55,fog,0
2025-09-11T22:00:00,4,22,247,10,59,clear,0
2025-09-11T23:00:00,4,23,162,6,63,clear,0
2025-09-12T00:00:00,5,0,124,5,63,rain,0
2025-09-12T01:00:00,5,1,166,7,62,clear,0
2025-09-12T02:00:00,5,2,153,7,64,clear,0
2025-09-12T03:00:00,5,3,167,7,63,clear,0
2025-09-12T04:00:00,5,4,170,8,61,clear,0
2025-09-12T05:00:00,5,5,218,10,61,rain,0
2025-09-12T06:00:00,5,6,556,21,55,clear,0
2025-09-12T07:00:00,5,7,1196,54,42,clear,0
2025-09-12T08:00:00,5,8,1936,94,22,clear,0
2025-09-12T09:00:00,5,9,2071,90,23,clear,0
2025-09-12T10:00:00,5,10,1429,57,38,clear,0
2025-09-12T11:00:00,5,11,987,44,44,clear,0
2025-09-12T12:00:00,5,12,823,36,47,clear,0
2025-09-12T13:00:00,5,13,775,31,49,clear,0
2025-09-12T14:00:00,5,14,808,35,49,clear,0
2025-09-12T15:00:00,5,15,701,36,48,fog,0
2025-09-12T16:00:00,5,16,1432,67,34,clear,0
2025-09-12T17:00:00,5,17,2073,88,29,clear,0
2025-09-12T18:00:00,5,18,2228,95,24,rain,0
2025-09-12T19:00:00,5,19,1494,64,39,fog,0
2025-09-12T20:00:00,5,20,1167,56,37,clear,0
2025-09-12T21:00:00,5,21,425,17,56,fog,0
2025-09-12T22:00:00,5,22,275,13,58,clear,0
2025-09-12T23:00:00,5,23,160,6,62,clear,0
2025-09-13T00:00:00,6,0,129,6,59,rain,0
2025-09-13T01:00:00,6,1,165,8,61,clear,0
2025-09-13T02:00:00,6,2,159,6,61,clear,0
2025-09-13T03:00:00,6,3,134,6,62,rain,0
2025-09-13T04:00:00,6,4,159,7,59,clear,0
2025-09-13T05:00:00,6,5,174,8,62,rain,0
2025-09-13T06:00:00,6,6,368,18,57,clear,0
2025-09-13T07:00:00,6,7,732,31,49,clear,0
2025-09-13T08:00:00,6,8,902,49,43,fog,0
2025-09-13T09:00:00,6,9,1015,48,44,fog,0
2025-09-13T10:00:00,6,10,749,35,49,fog,0
2025-09-13T11:00:00,6,11,616,29,51,clear,0
2025-09-13T12:00:00,6,12,497,23,55,clear,0
2025-09-13T13:00:00,6,13,428,22,53,rain,0
2025-09-13T14:00:00,6,14,443,20,56,rain,0
2025-09-13T15:00:00,6,15,621,29,51,clear,0
2025-09-13T16:00:00,6,16,758,37,46,rain,0
2025-09-13T17:00:00,6,17,1015,48,45,rain,0
2025-09-13T18:00:00,6,18,1394,67,35,clear,0
2025-09-13T19:00:00,6,19,1261,57,37,clear,0
2025-09-13T20:00:00,6,20,775,34,50,clear,0
2025-09-13T21:00:00,6,21,382,18,61,clear,0
2025-09-13T22:00:00,6,22,200,11,60,clear,0
2025-09-13T23:00:00,6,23,167,8,57,clear,0
2025-09-14T00:00:00,0,0,162,7,61,clear,0
2025-09-14T01:00:00,0,1,155,7,63,clear,0
2025-09-14T02:00:00,0,2,153,7,64,clear,0
2025-09-14T03:00:00,0,3,153,6,62,clear,0
2025-09-14T04:00:00,0,4,142,7,65,rain,0
2025-09-14T05:00:00,0,5,184,8,62,rain,0
2025-09-14T06:00:00,0,6,409,19,56,clear,0
2025-09-14T07:00:00,0,7,685,34,48,rain,0
2025-09-14T08:00:00,0,8,1224,46,46,clear,0
2025-09-14T09:00:00,0,9,1136,49,39,rain,0
2025-09-14T10:00:00,0,10,1029,43,47,clear,0
2025-09-14T11:00:00,0,11,647,27,52,clear,0
2025-09-14T12:00:00,0,12,553,26,51,clear,0
2025-09-14T13:00:00,0,13,505,23,55,clear,0
2025-09-14T14:00:00,0,14,446,23,53,fog,0
2025-09-14T15:00:00,0,15,590,24,52,clear,0
2025-09-14T16:00:00,0,16,779,38,48,rain,0
2025-09-14T17:00:00,0,17,1249,48,40,clear,0
2025-09-14T18:00:00,0,18,1516,68,33,clear,0
2025-09-14T19:00:00,0,19,1116,52,40,clear,0
2025-09-14T20:00:00,0,20,679,33,49,clear,0
2025-09-14T21:00:00,0,21,306,13,58,fog,0
2025-09-14T22:00:00,0,22,181,8,61,rain,0
2025-09-14T23:00:00,0,23,159,8,63,clear,0
2025-09-15T00:00:00,1,0,127,5,64,fog,0
2025-09-15T01:00:00,1,1,154,7,60,clear,0
2025-09-15T02:00:00,1,2,118,6,62,fog,0
2025-09-15T03:00:00,1,3,174,8,61,clear,0
2025-09-15T04:00:00,1,4,162,8,61,clear,0
2025-09-15T05:00:00,1,5,239,12,60,clear,0
2025-09-15T06:00:00,1,6,483,22,53,rain,0
2025-09-15T07:00:00,1,7,1043,36,51,fog,0
2025-09-15T08:00:00,1,8,2004,81,29,clear,0
2025-09-15T09:00:00,1,9,1972,95,23,clear,0
2025-09-15T10:00:00,1,10,1433,55,39,rain,0
2025-09-15T11:00:00,1,11,788,39,45,fog,0
2025-09-15T12:00:00,1,12,879,42,44,clear,0
2025-09-15T13:00:00,1,13,987,50,43,clear,0
2025-09-15T14:00:00,1,14,729,33,48,rain,0
2025-09-15T15:00:00,1,15,866,40,44,clear,0
2025-09-15T16:00:00,1,16,1165,62,35,fog,0
2025-09-15T17:00:00,1,17,1857,83,26,clear,0
2025-09-15T18:00:00,1,18,1842,79,28,rain,0
2025-09-15T19:00:00,1,19,1864,85,24,clear,0
2025-09-15T20:00:00,1,20,1128,59,38,clear,0
2025-09-15T21:00:00,1,21,463,18,54,clear,0
2025-09-15T22:00:00,1,22,211,10,60,rain,0
2025-09-15T23:00:00,1,23,131,6,63,fog,0
2025-09-16T00:00:00,2,0,153,6,63,clear,0
2025-09-16T01:00:00,2,1,122,5,64,rain,0
2025-09-16T02:00:00,2,2,157,7,63,clear,0
2025-09-16T03:00:00,2,3,131,6,62,rain,0
2025-09-16T04:00:00,2,4,152,8,62,clear,0
2025-09-16T05:00:00,2,5,255,11,59,clear,0
2025-09-16T06:00:00,2,6,463,21,56,fog,0
2025-09-16T07:00:00,2,7,1126,50,41,clear,0
2025-09-16T08:00:00,2,8,1434,60,38,rain,0
2025-09-16T09:00:00,2,9,1693,79,31,rain,0
2025-09-16T10:00:00,2,10,1472,60,35,clear,0
2025-09-16T11:00:00,2,11,907,44,47,clear,0
2025-09-16T12:00:00,2,12,850,38,49,clear,0
2025-09-16T13:00:00,2,13,679,30,53,fog,0
2025-09-16T14:00:00,2,14,738,35,49,rain,0
2025-09-16T15:00:00,2,15,906,42,46,clear,0
2025-09-16T16:00:00,2,16,1435,66,32,clear,0
2025-09-16T17:00:00,2,17,1847,87,27,rain,0
2025-09-16T18:00:00,2,18,1918,86,24,rain,0
2025-09-16T19:00:00,2,19,1569,78,29,rain,0
2025-09-16T20:00:00,2,20,1114,50,44,clear,0
2025-09-16T21:00:00,2,21,407,22,56,fog,0
2025-09-16T22:00:00,2,22,258,13,59,clear,0
2025-09-16T23:00:00,2,23,159,7,62,rain,0
2025-09-17T00:00:00,3,0,163,8,62,clear,0
2025-09-17T01:00:00,3,1,155,7,64,clear,0
2025-09-17T02:00:00,3,2,165,7,60,clear,0
2025-09-17T03:00:00,3,3,80,3,33,clear,1
2025-09-17T04:00:00,3,4,164,8,60,clear,0
2025-09-17T05:00:00,3,5,175,8,62,fog,0
2025-09-17T06:00:00,3,6,500,25,53,clear,0
2025-09-17T07:00:00,3,7,1300,60,39,clear,0
2025-09-17T08:00:00,3,8,1909,94,23,clear,0
2025-09-17T09:00:00,3,9,2011,79,30,clear,0
2025-09-17T10:00:00,3,10,1642,70,31,clear,0
2025-09-17T11:00:00,3,11,984,48,45,clear,0
2025-09-17T12:00:00,3,12,756,36,49,rain,0
2025-09-17T13:00:00,3,13,762,35,49,fog,0
2025-09-17T14:00:00,3,14,848,39,46,clear,0
2025-09-17T15:00:00,3,15,1001,45,49,clear,0
2025-09-17T16:00:00,3,16,1408,73,31,clear,0
2025-09-17T17:00:00,3,17,1968,92,22,clear,0
2025-09-17T18:00:00,3,18,2270,95,20,clear,0
2025-09-17T19:00:00,3,19,2019,86,25,clear,0
2025-09-17T20:00:00,3,20,1048,51,40,clear,0
2025-09-17T21:00:00,3,21,524,23,53,clear,0
2025-09-17T22:00:00,3,22,203,9,61,rain,0
2025-09-17T23:00:00,3,23,150,6,62,rain,0
2025-09-18T00:00:00,4,0,137,6,61,rain,0
2025-09-18T01:00:00,4,1,143,6,65,rain,0
2025-09-18T02:00:00,4,2,147,6,62,clear,0
2025-09-18T03:00:00,4,3,118,6,64,fog,0
2025-09-18T04:00:00,4,4,117,5,65,fog,0
2025-09-18T05:00:00,4,5,221,10,62,clear,0
2025-09-18T06:00:00,4,6,485,23,57,rain,0
2025-09-18T07:00:00,4,7,1250,55,42,clear,0
2025-09-18T08:00:00,4,8,1741,75,33,rain,0
2025-09-18T09:00:00,4,9,1660,72,35,rain,0
2025-09-18T10:00:00,4,10,1432,72,31,clear,0
2025-09-18T11:00:00,4,11,877,42,45,clear,0
2025-09-18T12:00:00,4,12,680,35,50,fog,0
2025-09-18T13:00:00,4,13,696,29,50,rain,0
2025-09-18T14:00:00,4,14,886,37,48,clear,0
2025-09-18T15:00:00,4,15,829,36,47,rain,0
2025-09-18T16:00:00,4,16,1008,43,45,fog,0
2025-09-18T17:00:00,4,17,2057,95,21,clear,0
2025-09-18T18:00:00,4,18,2070,86,26,rain,0
2025-09-18T19:00:00,4,19,1645,73,31,rain,0
2025-09-18T20:00:00,4,20,1080,43,46,clear,0
2025-09-18T21:00:00,4,21,540,26,53,clear,0
2025-09-18T22:00:00,4,22,216,10,61,fog,0
2025-09-18T23:00:00,4,23,144,8,63,fog,0
2025-09-19T00:00:00,5,0,162,8,61,clear,0
2025-09-19T01:00:00,5,1,154,8,63,clear,0
2025-09-19T02:00:00,5,2,157,8,62,clear,0
2025-09-19T03:00:00,5,3,137,6,64,rain,0
2025-09-19T04:00:00,5,4,159,8,61,rain,0
2025-09-19T05:00:00,5,5,254,12,55,clear,0
2025-09-19T06:00:00,5,6,544,24,56,clear,0
2025-09-19T07:00:00,5,7,1275,60,39,clear,0
2025-09-19T08:00:00,5,8,2033,90,21,clear,0
2025-09-19T09:00:00,5,9,1983,80,27,clear,0
2025-09-19T10:00:00,5,10,1248,53,39,rain,0
2025-09-19T11:00:00,5,11,931,44,46,rain,0
2025-09-19T12:00:00,5,12,705,31,49,rain,0
2025-09-19T13:00:00,5,13,759,34,50,clear,0
2025-09-19T14:00:00,5,14,711,33,47,rain,0
2025-09-19T15:00:00,5,15,869,43,44,clear,0
2025-09-19T16:00:00,5,16,1149,48,41,rain,0
2025-09-19T17:00:00,5,17,1505,66,33,fog,0
2025-09-19T18:00:00,5,18,2352,95,21,clear,0
2025-09-19T19:00:00,5,19,1868,85,26,clear,0
2025-09-19T20:00:00,5,20,1062,48,43,clear,0
2025-09-19T21:00:00,5,21,507,24,52,clear,0
2025-09-19T22:00:00,5,22,264,14,59,clear,0
2025-09-19T23:00:00,5,23,116,6,60,rain,0
2025-09-20T00:00:00,6,0,158,7,62,clear,0
2025-09-20T01:00:00,6,1,153,8,64,clear,0
2025-09-20T02:00:00,6,2,161,8,61,clear,0
2025-09-20T03:00:00,6,3,125,6,62,rain,0
2025-09-20T04:00:00,6,4,131,6,61,fog,0
2025-09-20T05:00:00,6,5,170,7,61,rain,0
2025-09-20T06:00:00,6,6,339,16,58,clear,0
2025-09-20T07:00:00,6,7,769,37,48,clear,0
2025-09-20T08:00:00,6,8,1091,50,43,rain,0
2025-09-20T09:00:00,6,9,1296,59,37,clear,0
2025-09-20T10:00:00,6,10,824,36,46,rain,0
2025-09-20T11:00:00,6,11,319,13,30,clear,1
2025-09-20T12:00:00,6,12,565,30,50,clear,0
2025-09-20T13:00:00,6,13,542,26,51,clear,0
2025-09-20T14:00:00,6,14,572,25,54,clear,0
2025-09-20T15:00:00,6,15,628,25,52,clear,0
2025-09-20T16:00:00,6,16,935,47,43,clear,0
2025-09-20T17:00:00,6,17,1220,58,36,rain,0
2025-09-20T18:00:00,6,18,1118,53,40,fog,0
2025-09-20T19:00:00,6,19,1026,50,43,rain,0
2025-09-20T20:00:00,6,20,789,34,49,clear,0
2025-09-20T21:00:00,6,21,365,16,57,clear,0
2025-09-20T22:00:00,6,22,214,10,60,clear,0
2025-09-20T23:00:00,6,23,188,9,59,clear,0
2025-09-21T00:00:00,0,0,170,7,63,clear,0
2025-09-21T01:00:00,0,1,148,7,62,clear,0
2025-09-21T02:00:00,0,2,162,7,60,clear,0
2025-09-21T03:00:00,0,3,121,5,62,rain,0
2025-09-21T04:00:00,0,4,158,7,63,clear,0
2025-09-21T05:00:00,0,5,208,9,61,clear,0
2025-09-21T06:00:00,0,6,295,13,61,rain,0
2025-09-21T07:00:00,0,7,829,40,49,clear,0
2025-09-21T08:00:00,0,8,1252,54,39,clear,0
2025-09-21T09:00:00,0,9,1378,63,38,clear,0
2025-09-21T10:00:00,0,10,893,39,46,clear,0
2025-09-21T11:00:00,0,11,637,27,53,clear,0
2025-09-21T12:00:00,0,12,509,24,54,clear,0
2025-09-21T13:00:00,0,13,582,21,55,clear,0
2025-09-21T14:00:00,0,14,479,21,52,rain,0
2025-09-21T15:00:00,0,15,606,26,54,clear,0
2025-09-21T16:00:00,0,16,895,41,45,clear,0
2025-09-21T17:00:00,0,17,1361,57,39,clear,0
2025-09-21T18:00:00,0,18,1351,66,37,clear,0
2025-09-21T19:00:00,0,19,1204,57,41,clear,0
2025-09-21T20:00:00,0,20,577,30,50,rain,0
2025-09-21T21:00:00,0,21,275,14,60,fog,0
2025-09-21T22:00:00,0,22,172,7,61,rain,0
2025-09-21T23:00:00,0,23,153,7,64,rain,0
2025-09-22T00:00:00,1,0,159,7,61,clear,0
2025-09-22T01:00:00,1,1,146,6,61,clear,0
2025-09-22T02:00:00,1,2,141,6,63,rain,0
2025-09-22T03:00:00,1,3,158,7,63,clear,0
2025-09-22T04:00:00,1,4,157,7,65,clear,0
2025-09-22T05:00:00,1,5,260,11,57,clear,0
2025-09-22T06:00:00,1,6,429,19,58,rain,0
2025-09-22T07:00:00,1,7,1124,49,44,clear,0
2025-09-22T08:00:00,1,8,2141,95,23,clear,0
2025-09-22T09:00:00,1,9,1691,72,34,rain,0
2025-09-22T10:00:00,1,10,1192,47,44,rain,0
2025-09-22T11:00:00,1,11,1080,45,44,clear,0
2025-09-22T12:00:00,1,12,942,38,47,clear,0
2025-09-22T13:00:00,1,13,900,40,47,clear,0
2025-09-22T14:00:00,1,14,900,42,49,clear,0
2025-09-22T15:00:00,1,15,840,34,51,clear,0
2025-09-22T16:00:00,1,16,1314,58,40,clear,0
2025-09-22T17:00:00,1,17,1613,70,33,fog,0
2025-09-22T18:00:00,1,18,2156,95,25,clear,0
2025-09-22T19:00:00,1,19,1985,95,19,clear,0
2025-09-22T20:00:00,1,20,835,37,47,rain,0
2025-09-22T21:00:00,1,21,519,24,55,clear,0
2025-09-22T22:00:00,1,22,204,10,60,rain,0
2025-09-22T23:00:00,1,23,170,7,61,clear,0
2025-09-23T00:00:00,2,0,137,6,62,rain,0
2025-09-23T01:00:00,2,1,156,7,62,clear,0
2025-09-23T02:00:00,2,2,109,5,62,fog,0
2025-09-23T03:00:00,2,3,152,6,63,clear,0
2025-09-23T04:00:00,2,4,161,7,60,clear,0
2025-09-23T05:00:00,2,5,234,10,58,rain,0
2025-09-23T06:00:00,2,6,463,21,57,rain,0
2025-09-23T07:00:00,2,7,1204,58,40,clear,0
2025-09-23T08:00:00,2,8,1898,64,38,clear,0
2025-09-23T09:00:00,2,9,1537,73,32,rain,0
2025-09-23T10:00:00,2,10,1356,61,37,clear,0
2025-09-23T11:00:00,2,11,1001,46,40,clear,0
2025-09-23T12:00:00,2,12,774,37,47,clear,0
2025-09-23T13:00:00,2,13,901,37,50,clear,0
2025-09-23T14:00:00,2,14,899,36,49,clear,0
2025-09-23T15:00:00,2,15,963,42,45,clear,0
2025-09-23T16:00:00,2,16,1405,57,41,clear,0
2025-09-23T17:00:00,2,17,1846,87,27,clear,0
2025-09-23T18:00:00,2,18,2502,95,23,clear,0
2025-09-23T19:00:00,2,19,1810,74,31,clear,0
2025-09-23T20:00:00,2,20,904,44,45,rain,0
2025-09-23T21:00:00,2,21,529,26,53,clear,0
2025-09-23T22:00:00,2,22,228,10,59,clear,0
2025-09-23T23:00:00,2,23,129,6,63,fog,0
2025-09-24T00:00:00,3,0,133,6,64,fog,0
2025-09-24T01:00:00,3,1,143,6,62,clear,0
2025-09-24T02:00:00,3,2,116,5,61,fog,0
2025-09-24T03:00:00,3,3,148,6,61,clear,0
2025-09-24T04:00:00,3,4,148,7,61,rain,0
2025-09-24T05:00:00,3,5,183,9,59,fog,0
2025-09-24T06:00:00,3,6,546,21,55,clear,0
2025-09-24T07:00:00,3,7,1041,48,44,rain,0
2025-09-24T08:00:00,3,8,2022,88,26,clear,0
2025-09-24T09:00:00,3,9,1669,79,32,fog,0
2025-09-24T10:00:00,3,10,1478,71,31,clear,0
2025-09-24T11:00:00,3,11,786,37,48,rain,0
2025-09-24T12:00:00,3,12,912,41,42,clear,0
2025-09-24T13:00:00,3,13,835,37,49,clear,0
2025-09-24T14:00:00,3,14,683,30,52,rain,0
2025-09-24T15:00:00,3,15,936,39,46,clear,0
2025-09-24T16:00:00,3,16,1180,51,42,rain,0
2025-09-24T17:00:00,3,17,1484,69,35,fog,0
2025-09-24T18:00:00,3,18,2262,95,24,clear,0
2025-09-24T19:00:00,3,19,2068,95,22,clear,0
2025-09-24T20:00:00,3,20,1170,51,39,clear,0
2025-09-24T21:00:00,3,21,423,19,56,rain,0
2025-09-24T22:00:00,3,22,223,11,60,clear,0
2025-09-24T23:00:00,3,23,187,8,62,clear,0
2025-09-25T00:00:00,4,0,131,6,62,rain,0
2025-09-25T01:00:00,4,1,127,5,62,fog,0
2025-09-25T02:00:00,4,2,145,6,60,clear,0
2025-09-25T03:00:00,4,3,155,8,63,clear,0
2025-09-25T04:00:00,4,4,165,8,62,clear,0
2025-09-25T05:00:00,4,5,270,12,61,clear,0
2025-09-25T06:00:00,4,6,422,20,57,fog,0
2025-09-25T07:00:00,4,7,1320,61,38,clear,0
2025-09-25T08:00:00,4,8,2072,85,26,clear,0
2025-09-25T09:00:00,4,9,2014,95,22,clear,0
2025-09-25T10:00:00,4,10,1226,53,43,rain,0
2025-09-25T11:00:00,4,11,943,46,44,clear,0
2025-09-25T12:00:00,4,12,839,29,53,clear,0
2025-09-25T13:00:00,4,13,813,34,52,clear,0
2025-09-25T14:00:00,4,14,855,33,49,clear,0
2025-09-25T15:00:00,4,15,916,35,50,clear,0
2025-09-25T16:00:00,4,16,1049,48,43,rain,0
2025-09-25T17:00:00,4,17,2125,95,21,clear,0
2025-09-25T18:00:00,4,18,1988,86,24,rain,0
2025-09-25T19:00:00,4,19,1917,88,24,clear,0
2025-09-25T20:00:00,4,20,1052,46,42,clear,0
2025-09-25T21:00:00,4,21,566,26,56,clear,0
2025-09-25T22:00:00,4,22,199,8,61,fog,0
2025-09-25T23:00:00,4,23,178,8,59,clear,0
2025-09-26T00:00:00,5,0,131,6,64,rain,0
2025-09-26T01:00:00,5,1,156,7,60,clear,0
2025-09-26T02:00:00,5,2,143,6,62,rain,0
2025-09-26T03:00:00,5,3,154,7,61,clear,0
2025-09-26T04:00:00,5,4,175,8,62,clear,0
2025-09-26T05:00:00,5,5,203,9,62,rain,0
2025-09-26T06:00:00,5,6,528,23,55,clear,0
2025-09-26T07:00:00,5,7,1161,50,43,clear,0
2025-09-26T08:00:00,5,8,1866,72,31,clear,0
2025-09-26T09:00:00,5,9,2217,95,22,clear,0
2025-09-26T10:00:00,5,10,1271,56,42,clear,0
2025-09-26T11:00:00,5,11,955,46,44,clear,0
2025-09-26T12:00:00,5,12,751,36,51,rain,0
2025-09-26T13:00:00,5,13,654,30,52,rain,0
2025-09-26T14:00:00,5,14,815,34,49,clear,0
2025-09-26T15:00:00,5,15,877,45,42,clear,0
2025-09-26T16:00:00,5,16,1187,60,38,clear,0
2025-09-26T17:00:00,5,17,2077,90,25,clear,0
2025-09-26T18:00:00,5,18,2089,95,21,clear,0
2025-09-26T19:00:00,5,19,1995,92,24,clear,0
2025-09-26T20:00:00,5,20,1063,47,46,clear,0
2025-09-26T21:00:00,5,21,421,22,54,rain,0
2025-09-26T22:00:00,5,22,207,10,61,rain,0
2025-09-26T23:00:00,5,23,130,6,62,fog,0
2025-09-27T00:00:00,6,0,127,6,65,fog,0
2025-09-27T01:00:00,6,1,122,5,64,rain,0
2025-09-27T02:00:00,6,2,141,6,59,clear,0
2025-09-27T03:00:00,6,3,158,7,61,clear,0
2025-09-27T04:00:00,6,4,143,7,60,rain,0
2025-09-27T05:00:00,6,5,201,10,62,clear,0
2025-09-27T06:00:00,6,6,328,16,58,rain,0
2025-09-27T07:00:00,6,7,832,37,48,clear,0
2025-09-27T08:00:00,6,8,1113,45,45,rain,0
2025-09-27T09:00:00,6,9,1161,44,46,rain,0
2025-09-27T10:00:00,6,10,908,46,45,clear,0
2025-09-27T11:00:00,6,11,574,26,54,clear,0
2025-09-27T12:00:00,6,12,473,22,55,rain,0
2025-09-27T13:00:00,6,13,451,19,58,fog,0
2025-09-27T14:00:00,6,14,590,31,49,clear,0
2025-09-27T15:00:00,6,15,656,32,50,clear,0
2025-09-27T16:00:00,6,16,898,40,45,clear,0
2025-09-27T17:00:00,6,17,1309,65,34,clear,0
2025-09-27T18:00:00,6,18,1446,67,35,clear,0
2025-09-27T19:00:00,6,19,992,46,41,fog,0
2025-09-27T20:00:00,6,20,573,28,55,fog,0
2025-09-27T21:00:00,6,21,370,14,58,clear,0
2025-09-27T22:00:00,6,22,208,10,58,clear,0
2025-09-27T23:00:00,6,23,142,7,61,rain,0
2025-09-28T00:00:00,0,0,108,5,60,fog,0
2025-09-28T01:00:00,0,1,131,5,63,rain,0
2025-09-28T02:00:00,0,2,154,7,62,clear,0
2025-09-28T03:00:00,0,3,122,5,63,fog,0
2025-09-28T04:00:00,0,4,149,6,66,rain,0
2025-09-28T05:00:00,0,5,200,10,63,clear,0
2025-09-28T06:00:00,0,6,393,18,58,clear,0
2025-09-28T07:00:00,0,7,774,29,54,clear,0
2025-09-28T08:00:00,0,8,1046,54,41,rain,0
2025-09-28T09:00:00,0,9,1150,49,46,rain,0
2025-09-28T10:00:00,0,10,779,36,49,rain,0
2025-09-28T11:00:00,0,11,675,27,54,clear,0
2025-09-28T12:00:00,0,12,586,29,51,clear,0
2025-09-28T13:00:00,0,13,510,22,54,rain,0
2025-09-28T14:00:00,0,14,496,26,53,rain,0
2025-09-28T15:00:00,0,15,542,26,53,rain,0
2025-09-28T16:00:00,0,16,823,35,49,clear,0
2025-09-28T17:00:00,0,17,995,43,46,rain,0
2025-09-28T18:00:00,0,18,1147,57,41,fog,0
2025-09-28T19:00:00,0,19,871,36,47,rain,0
2025-09-28T20:00:00,0,20,561,25,55,fog,0
2025-09-28T21:00:00,0,21,336,17,56,rain,0
2025-09-28T22:00:00,0,22,171,8,62,fog,0
2025-09-28T23:00:00,0,23,130,6,65,rain,0
2025-09-29T00:00:00,1,0,135,6,63,clear,0
2025-09-29T01:00:00,1,1,153,6,63,clear,0
2025-09-29T02:00:00,1,2,114,5,63,rain,0
2025-09-29T03:00:00,1,3,148,7,60,clear,0
2025-09-29T04:00:00,1,4,127,6,62,rain,0
2025-09-29T05:00:00,1,5,190,8,62,rain,0
2025-09-29T06:00:00,1,6,554,22,55,clear,0
2025-09-29T07:00:00,1,7,1270,56,38,clear,0
2025-09-29T08:00:00,1,8,2164,84,28,clear,0
2025-09-29T09:00:00,1,9,2108,83,30,clear,0
2025-09-29T10:00:00,1,10,1515,74,31,clear,0
2025-09-29T11:00:00,1,11,719,36,48,fog,0
2025-09-29T12:00:00,1,12,651,30,50,fog,0
2025-09-29T13:00:00,1,13,719,35,49,rain,0
2025-09-29T14:00:00,1,14,706,29,54,rain,0
2025-09-29T15:00:00,1,15,687,32,50,fog,0
2025-09-29T16:00:00,1,16,969,43,46,fog,0
2025-09-29T17:00:00,1,17,2167,95,21,clear,0
2025-09-29T18:00:00,1,18,2231,95,22,clear,0
2025-09-29T19:00:00,1,19,2031,95,21,clear,0
2025-09-29T20:00:00,1,20,872,38,48,rain,0
2025-09-29T21:00:00,1,21,532,24,55,clear,0
2025-09-29T22:00:00,1,22,195,9,58,fog,0
2025-09-29T23:00:00,1,23,178,8,58,clear,0
2025-09-30T00:00:00,2,0,72,3,31,clear,1
2025-09-30T01:00:00,2,1,163,8,61,clear,0
2025-09-30T02:00:00,2,2,151,7,62,clear,0
2025-09-30T03:00:00,2,3,107,5,62,fog,0
2025-09-30T04:00:00,2,4,168,8,63,clear,0
2025-09-30T05:00:00,2,5,226,9,58,clear,0
2025-09-30T06:00:00,2,6,464,26,52,rain,0
2025-09-30T07:00:00,2,7,1105,56,43,clear,0
2025-09-30T08:00:00,2,8,1985,95,21,clear,0
2025-09-30T09:00:00,2,9,1558,73,35,rain,0
2025-09-30T10:00:00,2,10,1362,58,38,rain,0
2025-09-30T11:00:00,2,11,1067,53,42,clear,0
2025-09-30T12:00:00,2,12,631,28,49,fog,0
2025-09-30T13:00:00,2,13,816,42,44,clear,0
2025-09-30T14:00:00,2,14,849,37,49,clear,0
2025-09-30T15:00:00,2,15,970,44,46,clear,0
2025-09-30T16:00:00,2,16,1285,64,36,clear,0
2025-09-30T17:00:00,2,17,1668,71,34,rain,0
2025-09-30T18:00:00,2,18,2083,91,24,rain,0
2025-09-30T19:00:00,2,19,1603,80,28,rain,0
2025-09-30T20:00:00,2,20,912,46,43,rain,0
2025-09-30T21:00:00,2,21,510,24,55,clear,0
2025-09-30T22:00:00,2,22,253,13,60,clear,0
2025-09-30T23:00:00,2,23,165,8,62,clear,0
